property_name,raw_location,proposed_clean_location,proposed_area_type,priority,square_footage,development_notes
Cabbagetown,2 Exits west/east,2 Exits west/east,Corridor / Hallway,High Priority,,
Cabbagetown,2 Sitting Areas,2 Sitting Areas,Other / Unknown,High Priority,,
Cabbagetown,3 Elevator,3 Elevator,Elevator,High Priority,,
Cabbagetown,3 Elevators (#E1 to #E3),3 Elevators (#E1 to #E3),Elevator,High Priority,,
Cabbagetown,ALL the amenities,ALL the amenities,Amenity,High Priority,,
Cabbagetown,Amenities,Amenities,Amenity,High Priority,,
Cabbagetown,Chutes 27th to 2nd,Chutes 27th to 2nd,Waste / Garbage,High Priority,,
Cabbagetown,Corridor lighting,Corridor lighting,Corridor / Hallway,High Priority,,
Cabbagetown,Corridors (5 floors/day),Corridors (5 floors/day),Corridor / Hallway,High Priority,,
Cabbagetown,"Elevator Tracks #E1,#E2,#E3 27th-12th","Elevator Tracks #E1,#E2,#E3 27th-12th",Elevator,High Priority,,
Cabbagetown,Elevator doors and frames,Elevator doors and frames,Elevator,High Priority,,
Cabbagetown,Elevator doors and frames & TRACKS (that floor only),Elevator doors and frames & TRACKS (that floor only),Elevator,High Priority,,
Cabbagetown,Gr. Floor Areas,Gr. Floor Areas,Other / Unknown,High Priority,,
Cabbagetown,Gym,Gym,Fitness,High Priority,,
Cabbagetown,Gym machinery,Gym machinery,Fitness,High Priority,,
Cabbagetown,Hallway where the amenities are located,Hallway where the amenities are located,Corridor / Hallway,High Priority,,
Cabbagetown,In front of elevators 27th to 2nd floor / exits doors,In front of elevators 27th to 2nd floor / exits doors,Elevator,High Priority,,
Cabbagetown,Kitchen and kitchenettes,Kitchen and kitchenettes,Amenity,High Priority,,
Cabbagetown,Leasing Office,Leasing Office,Office / Admin,High Priority,,
Cabbagetown,Mail room/ Parcel Rm.,Mail room/ Parcel Rm.,Office / Admin,High Priority,,
Cabbagetown,Main entrance w/Enterphone area,Main entrance w/Enterphone area,Lobby,High Priority,,
Cabbagetown,P1 elevator doors,P1 elevator doors,Elevator,High Priority,,
Cabbagetown,P2 hallway doors / exit doors / elevator,P2 hallway doors / exit doors / elevator,Elevator,High Priority,,
Cabbagetown,Parking 1 Amenities - Marker's room,Parking 1 Amenities - Marker's room,Parking,High Priority,,
Cabbagetown,Parking 1 Amenities - Men's washrooms w/2 stalls,Parking 1 Amenities - Men's washrooms w/2 stalls,Washroom / Change Room,High Priority,,
Cabbagetown,Parking 1 Amenities - Pet spa,Parking 1 Amenities - Pet spa,Amenity,High Priority,,
Cabbagetown,Parking 1 Amenities - Women's washroom w/2 stalls,Parking 1 Amenities - Women's washroom w/2 stalls,Washroom / Change Room,High Priority,,
Cabbagetown,Security desk,Security desk,Office / Admin,High Priority,,
Cabbagetown,Terrace w/sitting area,Terrace w/sitting area,Terrace / Outdoor,High Priority,,
Cabbagetown,Yoga Room,Yoga Room,Fitness,High Priority,,
Cabbagetown,½ Outdoors in front of the building,½ Outdoors in front of the building,Terrace / Outdoor,High Priority,,
Cabbagetown,Chute Room Tiles,Chute Room Tiles,Waste / Garbage,Medium Priority,,
Cabbagetown,Chutes 24th to 2nd,Chutes 24th to 2nd,Waste / Garbage,Medium Priority,,
Cabbagetown,"Outdoors (back, front, sides)","Outdoors (back, front, sides)",Terrace / Outdoor,Medium Priority,,
Cabbagetown,Parking 1 Amenities - Entertainment Kitchen,Parking 1 Amenities - Entertainment Kitchen,Parking,Medium Priority,,
Cabbagetown,"Parking 1 Amenities - Entertainment Kitchen (sitting area, tables, 1 kitchen w/fridge, dishwasher, kitchen hood & stove)","Parking 1 Amenities - Entertainment Kitchen (sitting area, tables, 1 kitchen w/fridge, dishwasher, kitchen hood & stove)",Parking,Medium Priority,,
Cabbagetown,"Parking 1 Amenities - Entertainment Kitchen w/sitting area, 1 kitchen w/fridge, dishwasher, kitchen hood & stove","Parking 1 Amenities - Entertainment Kitchen w/sitting area, 1 kitchen w/fridge, dishwasher, kitchen hood & stove",Parking,Medium Priority,,
Cabbagetown,Parking 1 Amenities - Games Room,Parking 1 Amenities - Games Room,Parking,Medium Priority,,
Cabbagetown,"Parking 1 Amenities - Games Room w/ billiard table, 2 games machine, 1 kitchenette","Parking 1 Amenities - Games Room w/ billiard table, 2 games machine, 1 kitchenette",Parking,Medium Priority,,
Cabbagetown,Parking 1 Amenities - Laundry Room,Parking 1 Amenities - Laundry Room,Parking,Medium Priority,,
Cabbagetown,Parking 1 Amenities - Party room,Parking 1 Amenities - Party room,Parking,Medium Priority,,
Cabbagetown,(all mopped areas),(all mopped areas),Other / Unknown,Low Priority,,
Cabbagetown,ALL Amenities,ALL Amenities,Amenity,Low Priority,,
Cabbagetown,All metal thresholds,All metal thresholds,Other / Unknown,Low Priority,,
Cabbagetown,Baseboards,Baseboards,Other / Unknown,Low Priority,,
Cabbagetown,Carpets,Carpets,Other / Unknown,Low Priority,,
Cabbagetown,Doors,Doors,Other / Unknown,Low Priority,,
Cabbagetown,"Elevator Tracks #E1,#E2,#E3 & 11th-P1","Elevator Tracks #E1,#E2,#E3 & 11th-P1",Elevator,Low Priority,,
Cabbagetown,Elevators,Elevators,Elevator,Low Priority,,
Cabbagetown,Empty units,Empty units,Other / Unknown,Low Priority,,
Cabbagetown,Fire Cabinets,Fire Cabinets,Other / Unknown,Low Priority,,
Cabbagetown,Floors (11th-2nd),Floors (11th-2nd),Other / Unknown,Low Priority,,
Cabbagetown,Floors (24th-12th),Floors (24th-12th),Other / Unknown,Low Priority,,
Cabbagetown,Floors (27th-12th),Floors (27th-12th),Other / Unknown,Low Priority,,
Cabbagetown,Glass/mirrors Ground Floor & Amenities both buildings 191-201,Glass/mirrors Ground Floor & Amenities both buildings 191-201,Amenity,Low Priority,,
Cabbagetown,Glass/mirrors PARKING 1,Glass/mirrors PARKING 1,Parking,Low Priority,,
Cabbagetown,Ground Floor / Parking janitor rooms,Ground Floor / Parking janitor rooms,Parking,Low Priority,,
Cabbagetown,Guest suites,Guest suites,Guest Suite,Low Priority,,
Cabbagetown,Mngr. Office,Mngr. Office,Office / Admin,Low Priority,,
Cabbagetown,PM Office,PM Office,Office / Admin,Low Priority,,
Cabbagetown,Parking 1 Amenities - Kids play room,Parking 1 Amenities - Kids play room,Parking,Low Priority,,
Cabbagetown,"Parking 1 Amenities - Laundry Room Tower 1 (191) w/ sitting area, 2 trash can","Parking 1 Amenities - Laundry Room Tower 1 (191) w/ sitting area, 2 trash can",Parking,Low Priority,,
Cabbagetown,"Parking 1 Amenities - Laundry Room w/ sitting area, 2 trash can","Parking 1 Amenities - Laundry Room w/ sitting area, 2 trash can",Parking,Low Priority,,
Cabbagetown,"Parking 1 Amenities - Party room w/sitting area, kitchenette, fridge, dishwasher, 1 trash can","Parking 1 Amenities - Party room w/sitting area, kitchenette, fridge, dishwasher, 1 trash can",Parking,Low Priority,,
Cabbagetown,Resident doors & thresholds,Resident doors & thresholds,Other / Unknown,Low Priority,,
Cabbagetown,Sitting area x 2,Sitting area x 2,Other / Unknown,Low Priority,,
Cabbagetown,Sitting areas,Sitting areas,Other / Unknown,Low Priority,,
Cabbagetown,Stairwell A and B 24th-P1,Stairwell A and B 24th-P1,Stairwell,Low Priority,,
Cabbagetown,Stairwell A and B 27th-P1,Stairwell A and B 27th-P1,Stairwell,Low Priority,,
Cabbagetown,"Stairwells doors, frames, thresholds & hinges (top of door)","Stairwells doors, frames, thresholds & hinges (top of door)",Stairwell,Low Priority,,
Cabbagetown,Thresholds,Thresholds,Other / Unknown,Low Priority,,
Cabbagetown,Ventilation and wallpaper around it,Ventilation and wallpaper around it,Other / Unknown,Low Priority,,
Cabbagetown,all glass of the lobby,all glass of the lobby,Lobby,Low Priority,,
Cabbagetown,manager Office Sitting area x 2,manager Office Sitting area x 2,Office / Admin,Low Priority,,
Cabbagetown,manager assistant Office,manager assistant Office,Office / Admin,Low Priority,,
Cabbagetown,½ hallway where the amenities are located,½ hallway where the amenities are located,Corridor / Hallway,Low Priority,,
Elm/Ledbury,(building-wide),(building-wide),Other / Unknown,High Priority,,
Elm/Ledbury,1 Elevator #B6,1 Elevator #B6,Elevator,High Priority,,
Elm/Ledbury,1 Elevator #C5,1 Elevator #C5,Elevator,High Priority,,
Elm/Ledbury,1 Universal Washroom,1 Universal Washroom,Washroom / Change Room,High Priority,,
Elm/Ledbury,10 Dean with 2 washrooms,10 Dean with 2 washrooms,Washroom / Change Room,High Priority,,
Elm/Ledbury,10th Floor 1 universal washroom,10th Floor 1 universal washroom,Washroom / Change Room,High Priority,,
Elm/Ledbury,10th Floor 2 BBQs,10th Floor 2 BBQs,Terrace / Outdoor,High Priority,,
Elm/Ledbury,10th Floor Amenities - STOA Outdoor Terraces,10th Floor Amenities - STOA Outdoor Terraces,Terrace / Outdoor,High Priority,,
Elm/Ledbury,10th Floor Pizza Oven,10th Floor Pizza Oven,Amenity,High Priority,,
Elm/Ledbury,2 Exits west/east,2 Exits west/east,Corridor / Hallway,High Priority,,
Elm/Ledbury,2nd Floor 1 Universal washroom,2nd Floor 1 Universal washroom,Washroom / Change Room,High Priority,,
Elm/Ledbury,2nd Floor Amenities & 2nd Flr. Chute room,2nd Floor Amenities & 2nd Flr. Chute room,Waste / Garbage,High Priority,,
Elm/Ledbury,2nd Floor BatterSea Bridge,2nd Floor BatterSea Bridge,Other / Unknown,High Priority,,
Elm/Ledbury,2nd Floor Cleveland Clinic,2nd Floor Cleveland Clinic,Amenity,High Priority,,
Elm/Ledbury,2nd Floor Exterior Corridor,2nd Floor Exterior Corridor,Corridor / Hallway,High Priority,,
Elm/Ledbury,2nd Floor Green House (Juice Fridge),2nd Floor Green House (Juice Fridge),Amenity,High Priority,,
Elm/Ledbury,2nd Floor Men's washrooms,2nd Floor Men's washrooms,Washroom / Change Room,High Priority,,
Elm/Ledbury,2nd Floor Raptors Basketball Court,2nd Floor Raptors Basketball Court,Amenity,High Priority,,
Elm/Ledbury,"2nd Floor Ski & Snowboard simulator (sitting area, kitchenette, 1 universal Washroom)","2nd Floor Ski & Snowboard simulator (sitting area, kitchenette, 1 universal Washroom)",Washroom / Change Room,High Priority,,
Elm/Ledbury,"2nd Floor Sport Lounge (F1 simulator, Gaming machines, sitting area, kitchenette)","2nd Floor Sport Lounge (F1 simulator, Gaming machines, sitting area, kitchenette)",Amenity,High Priority,,
Elm/Ledbury,2nd Floor The Temple (Fitness Centre),2nd Floor The Temple (Fitness Centre),Fitness,High Priority,,
Elm/Ledbury,2nd Floor Women's Washrooms,2nd Floor Women's Washrooms,Washroom / Change Room,High Priority,,
Elm/Ledbury,2nd Floor Yoga Studio,2nd Floor Yoga Studio,Fitness,High Priority,,
Elm/Ledbury,4 Elevator,4 Elevator,Elevator,High Priority,,
Elm/Ledbury,4 Elevators (#B1 to #B4),4 Elevators (#B1 to #B4),Elevator,High Priority,,
Elm/Ledbury,4 Elevators (#C1 to #C4),4 Elevators (#C1 to #C4),Elevator,High Priority,,
Elm/Ledbury,9th Floor 2 BBQs,9th Floor 2 BBQs,Terrace / Outdoor,High Priority,,
Elm/Ledbury,9th Floor 2 universal washrooms,9th Floor 2 universal washrooms,Washroom / Change Room,High Priority,,
Elm/Ledbury,9th Floor Amenities - STOA Outdoor Terraces,9th Floor Amenities - STOA Outdoor Terraces,Terrace / Outdoor,High Priority,,
Elm/Ledbury,9th Floor Amenities - Skyline Dog Run,9th Floor Amenities - Skyline Dog Run,Terrace / Outdoor,High Priority,,
Elm/Ledbury,9th Floor Pizza Oven,9th Floor Pizza Oven,Amenity,High Priority,,
Elm/Ledbury,Amenities 10th floor,Amenities 10th floor,Amenity,High Priority,,
Elm/Ledbury,Amenities 2nd floor,Amenities 2nd floor,Amenity,High Priority,,
Elm/Ledbury,Amenities 9th floor,Amenities 9th floor,Amenity,High Priority,,
Elm/Ledbury,Amenities UPH floor,Amenities UPH floor,Amenity,High Priority,,
Elm/Ledbury,"Chutes UPH, PH, 27th to 3rd","Chutes UPH, PH, 27th to 3rd",Waste / Garbage,High Priority,,
Elm/Ledbury,Corridor lighting,Corridor lighting,Corridor / Hallway,High Priority,,
Elm/Ledbury,Corridors (5 floors/day),Corridors (5 floors/day),Corridor / Hallway,High Priority,,
Elm/Ledbury,Gr. Floor Areas,Gr. Floor Areas,Other / Unknown,High Priority,,
Elm/Ledbury,In front of elevators PH to 3rd floor,In front of elevators PH to 3rd floor,Elevator,High Priority,,
Elm/Ledbury,List Office,List Office,Office / Admin,High Priority,,
Elm/Ledbury,Mail room/ Parcel Rm.,Mail room/ Parcel Rm.,Office / Admin,High Priority,,
Elm/Ledbury,Main entrance w/Enterphone area,Main entrance w/Enterphone area,Lobby,High Priority,,
Elm/Ledbury,Maintenance Room,Maintenance Room,Mechanical / Back-of-House,High Priority,,
Elm/Ledbury,Mngr. Offices w/kitchenette & 2 Offices,Mngr. Offices w/kitchenette & 2 Offices,Office / Admin,High Priority,,
Elm/Ledbury,P1 (Cement Exit),P1 (Cement Exit),Corridor / Hallway,High Priority,,
Elm/Ledbury,P1 Level,P1 Level,Other / Unknown,High Priority,,
Elm/Ledbury,P1-P4 (Parking Lobbies & Exits),P1-P4 (Parking Lobbies & Exits),Parking,High Priority,,
Elm/Ledbury,P2 (Cement Exit),P2 (Cement Exit),Corridor / Hallway,High Priority,,
Elm/Ledbury,P3 (Cement Exit),P3 (Cement Exit),Corridor / Hallway,High Priority,,
Elm/Ledbury,P4 (Cement Exit),P4 (Cement Exit),Corridor / Hallway,High Priority,,
Elm/Ledbury,Pet Spa (Beauty for the Beast),Pet Spa (Beauty for the Beast),Amenity,High Priority,,
Elm/Ledbury,Security desk,Security desk,Office / Admin,High Priority,,
Elm/Ledbury,Sitting Area,Sitting Area,Other / Unknown,High Priority,,
Elm/Ledbury,UPH Floor Bar,UPH Floor Bar,Amenity,High Priority,,
Elm/Ledbury,UPH Floor Co-working Lounge,UPH Floor Co-working Lounge,Amenity,High Priority,,
Elm/Ledbury,UPH Floor Dining Room,UPH Floor Dining Room,Amenity,High Priority,,
Elm/Ledbury,UPH Floor Grand Dining and Bar + LIDO Pool,UPH Floor Grand Dining and Bar + LIDO Pool,Pool / Spa,High Priority,,
Elm/Ledbury,UPH Floor LIDO Pool,UPH Floor LIDO Pool,Pool / Spa,High Priority,,
Elm/Ledbury,UPH Floor Lounge,UPH Floor Lounge,Amenity,High Priority,,
Elm/Ledbury,UPH Floor Meeting Room,UPH Floor Meeting Room,Amenity,High Priority,,
Elm/Ledbury,UPH Floor Movie Room w/kitchenette,UPH Floor Movie Room w/kitchenette,Amenity,High Priority,,
Elm/Ledbury,Visitor elevator #B5,Visitor elevator #B5,Elevator,High Priority,,
Elm/Ledbury,ELM ½ Outdoors,ELM ½ Outdoors,Terrace / Outdoor,Medium Priority,,
Elm/Ledbury,"Guest Suites (Ledbury 201, 202, 503, 603 & 703) / Suite Turnover","Guest Suites (Ledbury 201, 202, 503, 603 & 703) / Suite Turnover",Guest Suite,Medium Priority,,
Elm/Ledbury,"Guest Suites (Ledbury 201, 202, 503, 603 & 703) / Suite Turnover ELM/LEDBURY Towers","Guest Suites (Ledbury 201, 202, 503, 603 & 703) / Suite Turnover ELM/LEDBURY Towers",Guest Suite,Medium Priority,,
Elm/Ledbury,Parking 1 2 Universal Washroom (Between ELM and LEDBURY towers),Parking 1 2 Universal Washroom (Between ELM and LEDBURY towers),Washroom / Change Room,Medium Priority,,
Elm/Ledbury,Parking 1 Staff room with 1 washroom,Parking 1 Staff room with 1 washroom,Washroom / Change Room,Medium Priority,,
Elm/Ledbury,Stairwell C UPH-Gr.,Stairwell C UPH-Gr.,Stairwell,Medium Priority,,
Elm/Ledbury,Stairwell D UPH-Gr.,Stairwell D UPH-Gr.,Stairwell,Medium Priority,,
Elm/Ledbury,(all mopped areas),(all mopped areas),Other / Unknown,Low Priority,,
Elm/Ledbury,1 Visitor elevator,1 Visitor elevator,Elevator,Low Priority,,
Elm/Ledbury,All metal thresholds,All metal thresholds,Other / Unknown,Low Priority,,
Elm/Ledbury,Amenities,Amenities,Amenity,Low Priority,,
Elm/Ledbury,BBQs,BBQs,Terrace / Outdoor,Low Priority,,
Elm/Ledbury,Baseboards,Baseboards,Other / Unknown,Low Priority,,
Elm/Ledbury,Carpets,Carpets,Other / Unknown,Low Priority,,
Elm/Ledbury,Chute Room Tiles,Chute Room Tiles,Waste / Garbage,Low Priority,,
Elm/Ledbury,Doors,Doors,Other / Unknown,Low Priority,,
Elm/Ledbury,Elevator Tracks #B1 & #B2 Gr.-P4 level,Elevator Tracks #B1 & #B2 Gr.-P4 level,Elevator,Low Priority,,
Elm/Ledbury,"Elevator Tracks #B1,#B2,#B3 & #B4 11th-Gr.","Elevator Tracks #B1,#B2,#B3 & #B4 11th-Gr.",Elevator,Low Priority,,
Elm/Ledbury,"Elevator Tracks #B1,#B2,#B3 & #B4 UPH-12th","Elevator Tracks #B1,#B2,#B3 & #B4 UPH-12th",Elevator,Low Priority,,
Elm/Ledbury,Elevator Tracks #B3 & #B4 Gr.-P4 level,Elevator Tracks #B3 & #B4 Gr.-P4 level,Elevator,Low Priority,,
Elm/Ledbury,Elevator Tracks #C1 & #C2 11th-GR.,Elevator Tracks #C1 & #C2 11th-GR.,Elevator,Low Priority,,
Elm/Ledbury,Elevator Tracks #C1 & #C2 UPH-12th,Elevator Tracks #C1 & #C2 UPH-12th,Elevator,Low Priority,,
Elm/Ledbury,Elevator Tracks #C3 & #C4 11th-GR.,Elevator Tracks #C3 & #C4 11th-GR.,Elevator,Low Priority,,
Elm/Ledbury,Elevator Tracks #C3 & #C4 UPH-12th,Elevator Tracks #C3 & #C4 UPH-12th,Elevator,Low Priority,,
Elm/Ledbury,Elevator Tracks ELEVATORS C1 to C4 between P1-P4,Elevator Tracks ELEVATORS C1 to C4 between P1-P4,Elevator,Low Priority,,
Elm/Ledbury,Elevator Tracks ELEVATORS P1-P4,Elevator Tracks ELEVATORS P1-P4,Elevator,Low Priority,,
Elm/Ledbury,Elevator doors and frames,Elevator doors and frames,Elevator,Low Priority,,
Elm/Ledbury,Elevator doors and frames & TRACKS (that floor only) PH-P4,Elevator doors and frames & TRACKS (that floor only) PH-P4,Elevator,Low Priority,,
Elm/Ledbury,Fire Cabinets,Fire Cabinets,Other / Unknown,Low Priority,,
Elm/Ledbury,Floors (11th-3rd),Floors (11th-3rd),Other / Unknown,Low Priority,,
Elm/Ledbury,Floors (PH-12th),Floors (PH-12th),Other / Unknown,Low Priority,,
Elm/Ledbury,Glass/mirrors 10th floor,Glass/mirrors 10th floor,Other / Unknown,Low Priority,,
Elm/Ledbury,Glass/mirrors 2nd floor,Glass/mirrors 2nd floor,Other / Unknown,Low Priority,,
Elm/Ledbury,Glass/mirrors Ground Floor & Parkings,Glass/mirrors Ground Floor & Parkings,Parking,Low Priority,,
Elm/Ledbury,Glass/mirrors UPH Level,Glass/mirrors UPH Level,Other / Unknown,Low Priority,,
Elm/Ledbury,Glass/mirrors UPH floor,Glass/mirrors UPH floor,Other / Unknown,Low Priority,,
Elm/Ledbury,Ground Floor / 2nd Floor / UPH Floor janitor rooms,Ground Floor / 2nd Floor / UPH Floor janitor rooms,Storage,Low Priority,,
Elm/Ledbury,Ground Floor / UPH Floor janitor rooms,Ground Floor / UPH Floor janitor rooms,Storage,Low Priority,,
Elm/Ledbury,Gym machinery,Gym machinery,Fitness,Low Priority,,
Elm/Ledbury,Kitchen and kitchenettes,Kitchen and kitchenettes,Amenity,Low Priority,,
Elm/Ledbury,"Model Suites 1901, 1902","Model Suites 1901, 1902",Guest Suite,Low Priority,,
Elm/Ledbury,Resident doors & thresholds,Resident doors & thresholds,Other / Unknown,Low Priority,,
Elm/Ledbury,Sitting areas,Sitting areas,Other / Unknown,Low Priority,,
Elm/Ledbury,"Stairwell B,E 9TH-","Stairwell B,E 9TH-",Stairwell,Low Priority,,
Elm/Ledbury,"Stairwell B,E 9TH-Ground","Stairwell B,E 9TH-Ground",Stairwell,Low Priority,,
Elm/Ledbury,"Stairwells doors, frames, thresholds & hinges (top of door)","Stairwells doors, frames, thresholds & hinges (top of door)",Stairwell,Low Priority,,
Elm/Ledbury,Thresholds,Thresholds,Other / Unknown,Low Priority,,
Elm/Ledbury,UPH Floor Lido (Pool),UPH Floor Lido (Pool),Pool / Spa,Low Priority,,
Elm/Ledbury,Ventilation and wallpaper around it,Ventilation and wallpaper around it,Other / Unknown,Low Priority,,
Maddox-Tyndall,2 Elevators,2 Elevators,Elevator,High Priority,,
Maddox-Tyndall,2 Elevators/Exits,2 Elevators/Exits,Elevator,High Priority,,
Maddox-Tyndall,"2 Ext. Elevator Doors, Frames & Buttons","2 Ext. Elevator Doors, Frames & Buttons",Elevator,High Priority,,
Maddox-Tyndall,Corridor lighting,Corridor lighting,Corridor / Hallway,High Priority,,
Maddox-Tyndall,Corridors (2 floors/day),Corridors (2 floors/day),Corridor / Hallway,High Priority,,
Maddox-Tyndall,Corridors Gr.-10th Floor,Corridors Gr.-10th Floor,Corridor / Hallway,High Priority,,
Maddox-Tyndall,Corridors Gr.-11th Floor,Corridors Gr.-11th Floor,Corridor / Hallway,High Priority,,
Maddox-Tyndall,Elevator Tracks & Elevator,Elevator Tracks & Elevator,Elevator,High Priority,,
Maddox-Tyndall,Elevator doors and frames & ALL ELEVATOR TRACKS,Elevator doors and frames & ALL ELEVATOR TRACKS,Elevator,High Priority,,
Maddox-Tyndall,Enterphone area,Enterphone area,Lobby,High Priority,,
Maddox-Tyndall,Front,Front,Other / Unknown,High Priority,,
Maddox-Tyndall,GYM,GYM,Fitness,High Priority,,
Maddox-Tyndall,LAUNDRY,LAUNDRY,Amenity,High Priority,,
Maddox-Tyndall,Long Tiled Corridor to Side Exits A G & B G,Long Tiled Corridor to Side Exits A G & B G,Corridor / Hallway,High Priority,,
Maddox-Tyndall,Mail room,Mail room,Office / Admin,High Priority,,
Maddox-Tyndall,Main Entrance,Main Entrance,Lobby,High Priority,,
Maddox-Tyndall,Main Lobby,Main Lobby,Lobby,High Priority,,
Maddox-Tyndall,Parcel Rm,Parcel Rm,Office / Admin,High Priority,,
Maddox-Tyndall,Sitting Area,Sitting Area,Other / Unknown,High Priority,,
Maddox-Tyndall,parking lobby B floor,parking lobby B floor,Parking,High Priority,,
Maddox-Tyndall,Chute Room Tiles,Chute Room Tiles,Waste / Garbage,Medium Priority,,
Maddox-Tyndall,Chutes Gr.-10th floor,Chutes Gr.-10th floor,Waste / Garbage,Medium Priority,,
Maddox-Tyndall,MAINTENANCE ROOM,MAINTENANCE ROOM,Mechanical / Back-of-House,Medium Priority,,
Maddox-Tyndall,Stairwell handrails floors B-11th,Stairwell handrails floors B-11th,Stairwell,Medium Priority,,
Maddox-Tyndall,(all mopped areas),(all mopped areas),Other / Unknown,Low Priority,,
Maddox-Tyndall,All metal thresholds,All metal thresholds,Other / Unknown,Low Priority,,
Maddox-Tyndall,B floor / Ground floor janitor station,B floor / Ground floor janitor station,Storage,Low Priority,,
Maddox-Tyndall,Baseboards,Baseboards,Other / Unknown,Low Priority,,
Maddox-Tyndall,Floors Gr-10th,Floors Gr-10th,Other / Unknown,Low Priority,,
Maddox-Tyndall,Floors Gr-11th,Floors Gr-11th,Other / Unknown,Low Priority,,
Maddox-Tyndall,Glass,Glass,Other / Unknown,Low Priority,,
Maddox-Tyndall,Lease Office,Lease Office,Office / Admin,Low Priority,,
Maddox-Tyndall,Mngr. Office,Mngr. Office,Office / Admin,Low Priority,,
Maddox-Tyndall,Resident doors & thresholds,Resident doors & thresholds,Other / Unknown,Low Priority,,
Maddox-Tyndall,Stairs A Floor (B-10th),Stairs A Floor (B-10th),Stairwell,Low Priority,,
Maddox-Tyndall,Stairs A Floor (B-11th),Stairs A Floor (B-11th),Stairwell,Low Priority,,
Maddox-Tyndall,Stairs B Floor (B-10th),Stairs B Floor (B-10th),Stairwell,Low Priority,,
Maddox-Tyndall,Stairs B Floor (B-11th),Stairs B Floor (B-11th),Stairwell,Low Priority,,
Maddox-Tyndall,"Stairwells doors, frames, thresholds & hinges (top of door)","Stairwells doors, frames, thresholds & hinges (top of door)",Stairwell,Low Priority,,
Maddox-Tyndall,Units,Units,Other / Unknown,Low Priority,,
Maddox-Tyndall,Ventilation and wallpaper around it,Ventilation and wallpaper around it,Other / Unknown,Low Priority,,
Maddox-Tyndall,glass doors,glass doors,Other / Unknown,Low Priority,,
The Parker,2 Washrooms,2 Washrooms,Washroom / Change Room,High Priority,,
The Parker,38th Floor Amenities,38th Floor Amenities,Amenity,High Priority,,
The Parker,38th Floor Bowling Alley,38th Floor Bowling Alley,Amenity,High Priority,,
The Parker,38th Floor Corridor,38th Floor Corridor,Corridor / Hallway,High Priority,,
The Parker,38th Floor Dining/Lounge Area (w/stairs up),38th Floor Dining/Lounge Area (w/stairs up),Amenity,High Priority,,
The Parker,38th Floor Games room,38th Floor Games room,Amenity,High Priority,,
The Parker,38th Floor Garbage Chute,38th Floor Garbage Chute,Waste / Garbage,High Priority,,
The Parker,38th Floor Gym,38th Floor Gym,Fitness,High Priority,,
The Parker,38th Floor Kids Adventure Zone,38th Floor Kids Adventure Zone,Amenity,High Priority,,
The Parker,38th Floor Virtual Medical Clinic,38th Floor Virtual Medical Clinic,Amenity,High Priority,,
The Parker,38th Floor Washroom,38th Floor Washroom,Washroom / Change Room,High Priority,,
The Parker,39th Floor 3 washrooms,39th Floor 3 washrooms,Washroom / Change Room,High Priority,,
The Parker,39th Floor Amenities,39th Floor Amenities,Amenity,High Priority,,
The Parker,39th Floor Corridor,39th Floor Corridor,Corridor / Hallway,High Priority,,
The Parker,39th Floor Entertainment Kitchen,39th Floor Entertainment Kitchen,Amenity,High Priority,,
The Parker,39th Floor Garbage Chute,39th Floor Garbage Chute,Waste / Garbage,High Priority,,
The Parker,39th Floor Gym (upper Level) w/stairs down to 38th flr. Gym,39th Floor Gym (upper Level) w/stairs down to 38th flr. Gym,Fitness,High Priority,,
The Parker,39th Floor Large Lounge (2 floors-down to 38),39th Floor Large Lounge (2 floors-down to 38),Amenity,High Priority,,
The Parker,39th Floor Outdoor Pool w/sitting Areas,39th Floor Outdoor Pool w/sitting Areas,Pool / Spa,High Priority,,
The Parker,39th Floor Yoga Studio,39th Floor Yoga Studio,Fitness,High Priority,,
The Parker,39th Housekeeping Room,39th Housekeeping Room,Storage,High Priority,,
The Parker,39th Storage Rm.,39th Storage Rm.,Storage,High Priority,,
The Parker,3rd Floor Dog Exit,3rd Floor Dog Exit,Corridor / Hallway,High Priority,,
The Parker,3rd Floor Dog Run Area,3rd Floor Dog Run Area,Terrace / Outdoor,High Priority,,
The Parker,3rd Floor Patio,3rd Floor Patio,Terrace / Outdoor,High Priority,,
The Parker,3rd Floor Tiled Exit to patio,3rd Floor Tiled Exit to patio,Corridor / Hallway,High Priority,,
The Parker,4 Elevators,4 Elevators,Elevator,High Priority,,
The Parker,4 Ext. Elevator Doors & Frames,4 Ext. Elevator Doors & Frames,Elevator,High Priority,,
The Parker,Back,Back,Other / Unknown,High Priority,,
The Parker,Barbeque,Barbeque,Terrace / Outdoor,High Priority,,
The Parker,Breezeway/driveway,Breezeway/driveway,Corridor / Hallway,High Priority,,
The Parker,Cafe,Cafe,Amenity,High Priority,,
The Parker,Corridors,Corridors,Corridor / Hallway,High Priority,,
The Parker,Dog Spa,Dog Spa,Amenity,High Priority,,
The Parker,Elevator fronts,Elevator fronts,Elevator,High Priority,,
The Parker,Elevator tracks,Elevator tracks,Elevator,High Priority,,
The Parker,Elevators (front),Elevators (front),Elevator,High Priority,,
The Parker,Front,Front,Other / Unknown,High Priority,,
The Parker,Loading Dock Corridor & Exit,Loading Dock Corridor & Exit,Loading Dock,High Priority,,
The Parker,Lobby furniture,Lobby furniture,Lobby,High Priority,,
The Parker,Mail Room,Mail Room,Office / Admin,High Priority,,
The Parker,Mail room,Mail room,Office / Admin,High Priority,,
The Parker,Main Enterphone area,Main Enterphone area,Lobby,High Priority,,
The Parker,Mngt. Office w/Kitchenette,Mngt. Office w/Kitchenette,Office / Admin,High Priority,,
The Parker,P1-P3 Parking Lobbies w/4 exits each,P1-P3 Parking Lobbies w/4 exits each,Parking,High Priority,,
The Parker,P3 Housekeeping Room,P3 Housekeeping Room,Storage,High Priority,,
The Parker,P3 Storage Rm.,P3 Storage Rm.,Storage,High Priority,,
The Parker,Security,Security,Office / Admin,High Priority,,
The Parker,Summer - Gr. Floor Patio,Summer - Gr. Floor Patio,Terrace / Outdoor,High Priority,,
The Parker,lobby,lobby,Lobby,High Priority,,
The Parker,39th Floor Terrace w/Sitting areas & Barbeques,39th Floor Terrace w/Sitting areas & Barbeques,Terrace / Outdoor,Medium Priority,,
The Parker,Chutes 37(PH)-2nd,Chutes 37(PH)-2nd,Waste / Garbage,Medium Priority,,
The Parker,Dog Run Area,Dog Run Area,Terrace / Outdoor,Medium Priority,,
The Parker,Electrical Closet 39th Floor,Electrical Closet 39th Floor,Mechanical / Back-of-House,Medium Priority,,
The Parker,Electrical Closets 39th floor,Electrical Closets 39th floor,Mechanical / Back-of-House,Medium Priority,,
The Parker,Guest Suite #1706,Guest Suite #1706,Guest Suite,Medium Priority,,
The Parker,Guest Suite #1806,Guest Suite #1806,Guest Suite,Medium Priority,,
The Parker,Guest Suite #506,Guest Suite #506,Guest Suite,Medium Priority,,
The Parker,Guest Suite 1706,Guest Suite 1706,Guest Suite,Medium Priority,,
The Parker,Guest Suite 1806,Guest Suite 1806,Guest Suite,Medium Priority,,
The Parker,Guest Suite 506,Guest Suite 506,Guest Suite,Medium Priority,,
The Parker,Model Suite #3004,Model Suite #3004,Guest Suite,Medium Priority,,
The Parker,Model Suite #507,Model Suite #507,Guest Suite,Medium Priority,,
The Parker,Stairwell A,Stairwell A,Stairwell,Medium Priority,,
The Parker,Stairwell B,Stairwell B,Stairwell,Medium Priority,,
The Parker,Washrooms,Washrooms,Washroom / Change Room,Medium Priority,,
The Parker,(location not specified),(location not specified),Other / Unknown,Low Priority,,
The Parker,10 DEAN,10 DEAN,Other / Unknown,Low Priority,,
The Parker,38th Floor,38th Floor,Other / Unknown,Low Priority,,
The Parker,38th Floor Amenities areas,38th Floor Amenities areas,Amenity,Low Priority,,
The Parker,38th Floor Dining/Lounge Area,38th Floor Dining/Lounge Area,Amenity,Low Priority,,
The Parker,38th Floor Windows,38th Floor Windows,Other / Unknown,Low Priority,,
The Parker,38th Floor corridors,38th Floor corridors,Corridor / Hallway,Low Priority,,
The Parker,39th & 38th Floor,39th & 38th Floor,Other / Unknown,Low Priority,,
The Parker,39th Floor,39th Floor,Other / Unknown,Low Priority,,
The Parker,39th Floor Amenities areas,39th Floor Amenities areas,Amenity,Low Priority,,
The Parker,39th Floor Glass,39th Floor Glass,Other / Unknown,Low Priority,,
The Parker,39th Floor Terrace w/Sitting Areas & Barbeques,39th Floor Terrace w/Sitting Areas & Barbeques,Terrace / Outdoor,Low Priority,,
The Parker,39th Floor corridors,39th Floor corridors,Corridor / Hallway,Low Priority,,
The Parker,5th Floor,5th Floor,Other / Unknown,Low Priority,,
The Parker,ALL Main Lobby Areas,ALL Main Lobby Areas,Lobby,Low Priority,,
The Parker,All metal thresholds,All metal thresholds,Other / Unknown,Low Priority,,
The Parker,Baseboards,Baseboards,Other / Unknown,Low Priority,,
The Parker,Carpet (13th-25th),Carpet (13th-25th),Other / Unknown,Low Priority,,
The Parker,Carpet (26th-37th),Carpet (26th-37th),Other / Unknown,Low Priority,,
The Parker,Carpet (2nd-12th),Carpet (2nd-12th),Other / Unknown,Low Priority,,
The Parker,Carpeted Corridors,Carpeted Corridors,Corridor / Hallway,Low Priority,,
The Parker,Carpets,Carpets,Other / Unknown,Low Priority,,
The Parker,Chute Room,Chute Room,Waste / Garbage,Low Priority,,
The Parker,Corridor lighting,Corridor lighting,Corridor / Hallway,Low Priority,,
The Parker,Corridors 20th-37th,Corridors 20th-37th,Corridor / Hallway,Low Priority,,
The Parker,Corridors 2nd-19th,Corridors 2nd-19th,Corridor / Hallway,Low Priority,,
The Parker,Elevator Front Tiles,Elevator Front Tiles,Elevator,Low Priority,,
The Parker,Elevator doors and frames & TRACKS 37(PH) to 2nd,Elevator doors and frames & TRACKS 37(PH) to 2nd,Elevator,Low Priority,,
The Parker,Exterior Patio,Exterior Patio,Terrace / Outdoor,Low Priority,,
The Parker,Floor (13th-25th),Floor (13th-25th),Other / Unknown,Low Priority,,
The Parker,Floor (26th-37th),Floor (26th-37th),Other / Unknown,Low Priority,,
The Parker,Floor (2nd-12th),Floor (2nd-12th),Other / Unknown,Low Priority,,
The Parker,Glass,Glass,Other / Unknown,Low Priority,,
The Parker,Glass & Mirrors 38,Glass & Mirrors 38,Other / Unknown,Low Priority,,
The Parker,Glass & Mirrors 39,Glass & Mirrors 39,Other / Unknown,Low Priority,,
The Parker,Guest Suites,Guest Suites,Guest Suite,Low Priority,,
The Parker,HIGH REACH AREAS - ex. Vestibule to Elevators,HIGH REACH AREAS - ex. Vestibule to Elevators,Elevator,Low Priority,,
The Parker,Loading Dock & Bay Corridor & Exit,Loading Dock & Bay Corridor & Exit,Loading Dock,Low Priority,,
The Parker,Main Lobby Furniture,Main Lobby Furniture,Lobby,Low Priority,,
The Parker,Main Lobby Windows,Main Lobby Windows,Lobby,Low Priority,,
The Parker,Model Suites,Model Suites,Guest Suite,Low Priority,,
The Parker,P1 Exit (Cement),P1 Exit (Cement),Corridor / Hallway,Low Priority,,
The Parker,P1-P3 + Main Lobby & Amenities,P1-P3 + Main Lobby & Amenities,Lobby,Low Priority,,
The Parker,P2 Exit (Cement),P2 Exit (Cement),Corridor / Hallway,Low Priority,,
The Parker,P3,P3,Other / Unknown,Low Priority,,
The Parker,P3 Exit (Cement),P3 Exit (Cement),Corridor / Hallway,Low Priority,,
The Parker,P3 Fridge,P3 Fridge,Other / Unknown,Low Priority,,
The Parker,P3 Lunch Room,P3 Lunch Room,Other / Unknown,Low Priority,,
The Parker,PARKER PLAQUE,PARKER PLAQUE,Other / Unknown,Low Priority,,
The Parker,PARKER Plaque,PARKER Plaque,Other / Unknown,Low Priority,,
The Parker,"Resident doors, frames, thresholds","Resident doors, frames, thresholds",Other / Unknown,Low Priority,,
The Parker,"Stairwells doors, frames, thresholds & hinges (top of door)","Stairwells doors, frames, thresholds & hinges (top of door)",Stairwell,Low Priority,,
The Parker,Trash Cans,Trash Cans,Waste / Garbage,Low Priority,,
The Parker,Ventilation and wallpaper around it,Ventilation and wallpaper around it,Other / Unknown,Low Priority,,
Waverley,1 Universal Washroom,1 Universal Washroom,Washroom / Change Room,High Priority,,
Waverley,"10 Dean- Ground Level Kitchen (floor and edges), furniture, tables and chairs","10 Dean- Ground Level Kitchen (floor and edges), furniture, tables and chairs",Amenity,High Priority,,
Waverley,15 Level Lido (Pool),15 Level Lido (Pool),Pool / Spa,High Priority,,
Waverley,2 Elevators (#1 to #3),2 Elevators (#1 to #3),Elevator,High Priority,,
Waverley,ALL corridors,ALL corridors,Corridor / Hallway,High Priority,,
Waverley,Back entrance with long corridor,Back entrance with long corridor,Corridor / Hallway,High Priority,,
Waverley,Bike Room,Bike Room,Other / Unknown,High Priority,,
Waverley,In front of elevators 15th to 3rd floor,In front of elevators 15th to 3rd floor,Elevator,High Priority,,
Waverley,Mail room,Mail room,Office / Admin,High Priority,,
Waverley,Main entrance w/Enterphone area,Main entrance w/Enterphone area,Lobby,High Priority,,
Waverley,Management Office,Management Office,Office / Admin,High Priority,,
Waverley,Mezzanine (M) Level Cleveland Clinic,Mezzanine (M) Level Cleveland Clinic,Amenity,High Priority,,
Waverley,P1 Parking Lobby & Exits x2,P1 Parking Lobby & Exits x2,Parking,High Priority,,
Waverley,Parcel Rm.,Parcel Rm.,Office / Admin,High Priority,,
Waverley,Security desk,Security desk,Office / Admin,High Priority,,
Waverley,Sitting Area,Sitting Area,Other / Unknown,High Priority,,
Waverley,The Temple,The Temple,Fitness,High Priority,,
Waverley,Yoga Room,Yoga Room,Fitness,High Priority,,
Waverley,15 Level Changerooms x2 (1 washroom and 1 shower each),15 Level Changerooms x2 (1 washroom and 1 shower each),Washroom / Change Room,Medium Priority,,
Waverley,2 universal washrooms,2 universal washrooms,Washroom / Change Room,Medium Priority,,
Waverley,2nd Floor 1 universal washroom,2nd Floor 1 universal washroom,Washroom / Change Room,Medium Priority,,
Waverley,2nd Floor Amenities & 2nd Flr. Chute room,2nd Floor Amenities & 2nd Flr. Chute room,Waste / Garbage,Medium Priority,,
Waverley,2nd Floor exterior Patio with 3 BBQs,2nd Floor exterior Patio with 3 BBQs,Terrace / Outdoor,Medium Priority,,
Waverley,Chutes 15th to 3rd,Chutes 15th to 3rd,Waste / Garbage,Medium Priority,,
Waverley,Exterior Patio & Bees at Work,Exterior Patio & Bees at Work,Terrace / Outdoor,Medium Priority,,
Waverley,Guest Suite 309 / Turnover suites,Guest Suite 309 / Turnover suites,Guest Suite,Medium Priority,,
Waverley,Mezzanine (M) Level 1 universal washroom,Mezzanine (M) Level 1 universal washroom,Washroom / Change Room,Medium Priority,,
Waverley,SB Level 1 universal washroom,SB Level 1 universal washroom,Washroom / Change Room,Medium Priority,,
Waverley,(all mopped areas),(all mopped areas),Other / Unknown,Low Priority,,
Waverley,(building-wide),(building-wide),Other / Unknown,Low Priority,,
Waverley,2nd Floor STOA,2nd Floor STOA,Other / Unknown,Low Priority,,
Waverley,Carpets,Carpets,Other / Unknown,Low Priority,,
Waverley,Elevator Tracks ELEVATORS #1 PH-P1,Elevator Tracks ELEVATORS #1 PH-P1,Elevator,Low Priority,,
Waverley,Elevator Tracks ELEVATORS #2 PH-P1,Elevator Tracks ELEVATORS #2 PH-P1,Elevator,Low Priority,,
Waverley,Floor (8th-3rd),Floor (8th-3rd),Other / Unknown,Low Priority,,
Waverley,Floors (15th-9th),Floors (15th-9th),Other / Unknown,Low Priority,,
Waverley,Garbage chutes between 15th and 3rd floor,Garbage chutes between 15th and 3rd floor,Waste / Garbage,Low Priority,,
Waverley,Glass/mirrors 15th and 2nd Level,Glass/mirrors 15th and 2nd Level,Other / Unknown,Low Priority,,
Waverley,Glass/mirrors Ground Floor & Amenities areas Mezzanine Level,Glass/mirrors Ground Floor & Amenities areas Mezzanine Level,Amenity,Low Priority,,
Waverley,Glass/mirrors PH Level,Glass/mirrors PH Level,Other / Unknown,Low Priority,,
Waverley,Ground Floor / Mezzanine / SB (P1) / 2nd Floor janitor rooms,Ground Floor / Mezzanine / SB (P1) / 2nd Floor janitor rooms,Storage,Low Priority,,
Waverley,Guest Suite,Guest Suite,Guest Suite,Low Priority,,
Waverley,Mezzanine (M) Level The Gallery,Mezzanine (M) Level The Gallery,Other / Unknown,Low Priority,,
Waverley,Mezzanine (M) Level The Reel,Mezzanine (M) Level The Reel,Other / Unknown,Low Priority,,
Waverley,Model Suite 509,Model Suite 509,Guest Suite,Low Priority,,
Waverley,SB Level Beauty for the Beast,SB Level Beauty for the Beast,Other / Unknown,Low Priority,,
Waverley,SB Level Bike Room,SB Level Bike Room,Other / Unknown,Low Priority,,
Waverley,SB Level Maintenance Room (with lunch room and maintenance office),SB Level Maintenance Room (with lunch room and maintenance office),Office / Admin,Low Priority,,
